{
  "model_name": "livekit_eot",
  "dataset_name": "portuguese_synthetic",
  "precision_shift": 0.0,
  "recall_shift": 0.0,
  "f1_shift": 0.0,
  "precision_hold": 0.09141104294478528,
  "recall_hold": 1.0,
  "f1_hold": 0.1675098369870714,
  "balanced_accuracy": 0.5,
  "macro_f1": 0.0837549184935357,
  "mean_latency_ms": 64.37172264673467,
  "p50_latency_ms": 43.06805130909197,
  "p95_latency_ms": 94.91863018774893,
  "p99_latency_ms": 1051.7764024561475,
  "mean_shift_delay_ms": 0.0,
  "false_interruption_rate": 0.0,
  "missed_shift_rate": 1.0,
  "model_size_mb": 281.0,
  "peak_memory_mb": 0.0,
  "requires_gpu": false,
  "requires_asr": true,
  "n_conversations": 50,
  "n_predictions": 815,
  "total_audio_hours": 0.6537627777777777,
  "extra": {}
}