{
  "model_name": "pipecat_smart_turn_v3.1",
  "dataset_name": "nurc_sp_real",
  "precision_shift": 0.26301369863013696,
  "recall_shift": 0.75,
  "f1_shift": 0.3894523326572008,
  "precision_hold": 0.7935483870967742,
  "recall_hold": 0.3137755102040816,
  "f1_hold": 0.44972577696526506,
  "balanced_accuracy": 0.5318877551020408,
  "macro_f1": 0.41958905481123293,
  "mean_latency_ms": 21.472973739552433,
  "p50_latency_ms": 21.96342135750263,
  "p95_latency_ms": 27.032158829064834,
  "p99_latency_ms": 27.032158829064834,
  "mean_shift_delay_ms": 17.838541666666966,
  "false_interruption_rate": 0.6497584541062802,
  "missed_shift_rate": 0.16037735849056603,
  "model_size_mb": 8.0,
  "peak_memory_mb": 0.0,
  "requires_gpu": false,
  "requires_asr": false,
  "n_conversations": 5,
  "n_predictions": 503,
  "total_audio_hours": 0.42790805555555556,
  "extra": {}
}