{
  "model_name": "pipecat_smart_turn_v3.1",
  "dataset_name": "portuguese_synthetic",
  "precision_shift": 0.3062977099236641,
  "recall_shift": 0.8439964943032428,
  "f1_shift": 0.4494749124854142,
  "precision_hold": 0.25523012552301255,
  "recall_hold": 0.027207850133809098,
  "f1_hold": 0.04917372027408303,
  "balanced_accuracy": 0.43560217221852593,
  "macro_f1": 0.2493243163797486,
  "mean_latency_ms": 16.570567897070184,
  "p50_latency_ms": 15.57297193877665,
  "p95_latency_ms": 19.878931488427853,
  "p99_latency_ms": 24.334991647629067,
  "mean_shift_delay_ms": -0.9517133956386539,
  "false_interruption_rate": 0.9237611181702668,
  "missed_shift_rate": 0.0958904109589041,
  "model_size_mb": 8.0,
  "peak_memory_mb": 0.0,
  "requires_gpu": false,
  "requires_asr": false,
  "n_conversations": 100,
  "n_predictions": 3285,
  "total_audio_hours": 1.3589283333333333,
  "extra": {}
}