{
  "model_name": "pipecat_smart_turn_v3.1",
  "dataset_name": "portuguese_tts",
  "precision_shift": 0.6363636363636364,
  "recall_shift": 0.550561797752809,
  "f1_shift": 0.5903614457831325,
  "precision_hold": 0.6521739130434783,
  "recall_hold": 0.7281553398058253,
  "f1_hold": 0.6880733944954128,
  "balanced_accuracy": 0.6393585687793171,
  "macro_f1": 0.6392174201392726,
  "mean_latency_ms": 31.685539488788955,
  "p50_latency_ms": 18.31980484329458,
  "p95_latency_ms": 153.81612499865392,
  "p99_latency_ms": 153.81612499865392,
  "mean_shift_delay_ms": 0.0,
  "false_interruption_rate": 0.22764227642276422,
  "missed_shift_rate": 0.2898550724637681,
  "model_size_mb": 8.0,
  "peak_memory_mb": 0.0,
  "requires_gpu": false,
  "requires_asr": false,
  "n_conversations": 10,
  "n_predictions": 172,
  "total_audio_hours": 0.10683940972222222,
  "extra": {}
}