{
  "model_name": "silero_vad",
  "dataset_name": "nurc_sp_real",
  "precision_shift": 0.1836734693877551,
  "recall_shift": 0.5779816513761468,
  "f1_shift": 0.27876106194690264,
  "precision_hold": 0.17857142857142858,
  "recall_hold": 0.034482758620689655,
  "f1_hold": 0.057803468208092484,
  "balanced_accuracy": 0.3062322049984182,
  "macro_f1": 0.16828226507749755,
  "mean_latency_ms": 10.761533008386076,
  "p50_latency_ms": 11.153627737600845,
  "p95_latency_ms": 14.327863256673878,
  "p99_latency_ms": 14.327863256673878,
  "mean_shift_delay_ms": 24.380952380953037,
  "false_interruption_rate": 0.9556313993174061,
  "missed_shift_rate": 0.4056603773584906,
  "model_size_mb": 2.0,
  "peak_memory_mb": 0.0,
  "requires_gpu": false,
  "requires_asr": false,
  "n_conversations": 5,
  "n_predictions": 356,
  "total_audio_hours": 0.42790805555555556,
  "extra": {}
}