{
  "model_name": "silence_1000ms",
  "dataset_name": "portuguese_synthetic",
  "precision_shift": 0.9411764705882353,
  "recall_shift": 0.010716677829872739,
  "f1_shift": 0.02119205298013245,
  "precision_hold": 0.0,
  "recall_hold": 0.0,
  "f1_hold": 0.0,
  "balanced_accuracy": 0.0053583389149363695,
  "macro_f1": 0.010596026490066225,
  "mean_latency_ms": 0.3757127067375687,
  "p50_latency_ms": 0.29131250145534676,
  "p95_latency_ms": 0.8802868452711174,
  "p99_latency_ms": 0.9788507094656629,
  "mean_shift_delay_ms": -130.93750000000082,
  "false_interruption_rate": 0.0014727540500736377,
  "missed_shift_rate": 0.9803680981595092,
  "model_size_mb": 0.0,
  "peak_memory_mb": 0.0,
  "requires_gpu": false,
  "requires_asr": false,
  "n_conversations": 50,
  "n_predictions": 695,
  "total_audio_hours": 0.6537627777777777,
  "extra": {}
}