{
  "model_name": "silence_500ms",
  "dataset_name": "portuguese_tts",
  "precision_shift": 0.0,
  "recall_shift": 0.0,
  "f1_shift": 0.0,
  "precision_hold": 0.7909090909090909,
  "recall_hold": 0.754880694143167,
  "f1_hold": 0.7724750277469479,
  "balanced_accuracy": 0.3774403470715835,
  "macro_f1": 0.38623751387347394,
  "mean_latency_ms": 0.07356680154681114,
  "p50_latency_ms": 0.06791415973566473,
  "p95_latency_ms": 0.09817993188996545,
  "p99_latency_ms": 0.09817993188996545,
  "mean_shift_delay_ms": 0.0,
  "false_interruption_rate": 0.2334710743801653,
  "missed_shift_rate": 1.0,
  "model_size_mb": 0.0,
  "peak_memory_mb": 0.0,
  "requires_gpu": false,
  "requires_asr": false,
  "n_conversations": 10,
  "n_predictions": 484,
  "total_audio_hours": 0.10683940972222222,
  "extra": {}
}