{
  "model_name": "silence_500ms",
  "dataset_name": "portuguese_synthetic",
  "precision_shift": 0.9222222222222223,
  "recall_shift": 0.12481203007518797,
  "f1_shift": 0.21986754966887417,
  "precision_hold": 0.0,
  "recall_hold": 0.0,
  "f1_hold": 0.0,
  "balanced_accuracy": 0.062406015037593986,
  "macro_f1": 0.10993377483443709,
  "mean_latency_ms": 0.29359053528914564,
  "p50_latency_ms": 0.28157641645520926,
  "p95_latency_ms": 0.43087499862950707,
  "p99_latency_ms": 0.5543934465903375,
  "mean_shift_delay_ms": -174.02409638554198,
  "false_interruption_rate": 0.026465028355387523,
  "missed_shift_rate": 0.7963190184049079,
  "model_size_mb": 0.0,
  "peak_memory_mb": 0.0,
  "requires_gpu": false,
  "requires_asr": false,
  "n_conversations": 50,
  "n_predictions": 695,
  "total_audio_hours": 0.6537627777777777,
  "extra": {}
}