{
  "model_name": "silence_300ms",
  "dataset_name": "portuguese_synthetic",
  "precision_shift": 0.8338870431893688,
  "recall_shift": 0.2076095947063689,
  "f1_shift": 0.33245033112582784,
  "precision_hold": 0.0,
  "recall_hold": 0.0,
  "f1_hold": 0.0,
  "balanced_accuracy": 0.10380479735318444,
  "macro_f1": 0.16622516556291392,
  "mean_latency_ms": 0.3641966375247609,
  "p50_latency_ms": 0.3348861316529413,
  "p95_latency_ms": 0.5186388864078455,
  "p99_latency_ms": 0.9704469121061265,
  "mean_shift_delay_ms": -195.53386454183337,
  "false_interruption_rate": 0.11261261261261261,
  "missed_shift_rate": 0.6920245398773006,
  "model_size_mb": 0.0,
  "peak_memory_mb": 0.0,
  "requires_gpu": false,
  "requires_asr": false,
  "n_conversations": 50,
  "n_predictions": 695,
  "total_audio_hours": 0.6537627777777777,
  "extra": {}
}