{
  "model_name": "silence_500ms",
  "dataset_name": "nurc_sp_real",
  "precision_shift": 0.10574018126888217,
  "recall_shift": 0.21604938271604937,
  "f1_shift": 0.14198782961460446,
  "precision_hold": 0.9059955588452998,
  "recall_hold": 0.8052631578947368,
  "f1_hold": 0.8526645768025078,
  "balanced_accuracy": 0.5106562703053931,
  "macro_f1": 0.49732620320855614,
  "mean_latency_ms": 0.0810330279268588,
  "p50_latency_ms": 0.07531453451227355,
  "p95_latency_ms": 0.2013926975282461,
  "p99_latency_ms": 0.3106872469221276,
  "mean_shift_delay_ms": -48.39999999999965,
  "false_interruption_rate": 0.18781725888324874,
  "missed_shift_rate": 0.6698113207547169,
  "model_size_mb": 0.0,
  "peak_memory_mb": 0.0,
  "requires_gpu": false,
  "requires_asr": false,
  "n_conversations": 5,
  "n_predictions": 1611,
  "total_audio_hours": 0.42790805555555556,
  "extra": {}
}