{
  "model_name": "silence_700ms",
  "dataset_name": "portuguese_synthetic",
  "precision_shift": 0.9347826086956522,
  "recall_shift": 0.06064880112834979,
  "f1_shift": 0.11390728476821192,
  "precision_hold": 0.0,
  "recall_hold": 0.0,
  "f1_hold": 0.0,
  "balanced_accuracy": 0.030324400564174896,
  "macro_f1": 0.05695364238410596,
  "mean_latency_ms": 0.28849736269791243,
  "p50_latency_ms": 0.27205383230466396,
  "p95_latency_ms": 0.3973417042288929,
  "p99_latency_ms": 0.4434762148386134,
  "mean_shift_delay_ms": -130.74418604651055,
  "false_interruption_rate": 0.009852216748768473,
  "missed_shift_rate": 0.894478527607362,
  "model_size_mb": 0.0,
  "peak_memory_mb": 0.0,
  "requires_gpu": false,
  "requires_asr": false,
  "n_conversations": 50,
  "n_predictions": 695,
  "total_audio_hours": 0.6537627777777777,
  "extra": {}
}