{
  "model_name": "silence_300ms",
  "dataset_name": "nurc_sp_real",
  "precision_shift": 0.09601873536299765,
  "recall_shift": 0.2679738562091503,
  "f1_shift": 0.1413793103448276,
  "precision_hold": 0.9104,
  "recall_hold": 0.7467191601049868,
  "f1_hold": 0.8204758471521268,
  "balanced_accuracy": 0.5073465081570686,
  "macro_f1": 0.48092757874847725,
  "mean_latency_ms": 0.08971091990852247,
  "p50_latency_ms": 0.07747785049763604,
  "p95_latency_ms": 0.23847957961634952,
  "p99_latency_ms": 0.367731999973824,
  "mean_shift_delay_ms": -118.63414634145845,
  "false_interruption_rate": 0.24570337364735836,
  "missed_shift_rate": 0.6226415094339622,
  "model_size_mb": 0.0,
  "peak_memory_mb": 0.0,
  "requires_gpu": false,
  "requires_asr": false,
  "n_conversations": 5,
  "n_predictions": 1611,
  "total_audio_hours": 0.42790805555555556,
  "extra": {}
}