{
  "model_name": "silence_700ms",
  "dataset_name": "nurc_sp_real",
  "precision_shift": 0.09649122807017543,
  "recall_shift": 0.12359550561797752,
  "f1_shift": 0.10837438423645321,
  "precision_hold": 0.8936605316973415,
  "recall_hold": 0.8642056690837179,
  "f1_hold": 0.878686327077748,
  "balanced_accuracy": 0.4939005873508477,
  "macro_f1": 0.4935303556571006,
  "mean_latency_ms": 0.1489897063831567,
  "p50_latency_ms": 0.09209567775811862,
  "p95_latency_ms": 0.6373116009124065,
  "p99_latency_ms": 1.1437464071391725,
  "mean_shift_delay_ms": -39.86363636364302,
  "false_interruption_rate": 0.12964128382630585,
  "missed_shift_rate": 0.7924528301886793,
  "model_size_mb": 0.0,
  "peak_memory_mb": 0.0,
  "requires_gpu": false,
  "requires_asr": false,
  "n_conversations": 5,
  "n_predictions": 1611,
  "total_audio_hours": 0.42790805555555556,
  "extra": {}
}