{
  "model_name": "silence_700ms",
  "dataset_name": "portuguese_tts",
  "precision_shift": 0.2743362831858407,
  "recall_shift": 0.33695652173913043,
  "f1_shift": 0.3024390243902439,
  "precision_hold": 0.8508557457212714,
  "recall_hold": 0.8093023255813954,
  "f1_hold": 0.8295589988081049,
  "balanced_accuracy": 0.5731294236602629,
  "macro_f1": 0.5659990115991744,
  "mean_latency_ms": 0.11266865067603452,
  "p50_latency_ms": 0.11083254709242368,
  "p95_latency_ms": 0.17896686304910955,
  "p99_latency_ms": 0.17896686304910955,
  "mean_shift_delay_ms": -406.5483870967741,
  "false_interruption_rate": 0.18101545253863136,
  "missed_shift_rate": 0.5507246376811594,
  "model_size_mb": 0.0,
  "peak_memory_mb": 0.0,
  "requires_gpu": false,
  "requires_asr": false,
  "n_conversations": 10,
  "n_predictions": 484,
  "total_audio_hours": 0.10683940972222222,
  "extra": {}
}