{
  "model_name": "silence_300ms",
  "dataset_name": "portuguese_tts",
  "precision_shift": 0.0,
  "recall_shift": 0.0,
  "f1_shift": 0.0,
  "precision_hold": 0.7772397094430993,
  "recall_hold": 0.6963123644251626,
  "f1_hold": 0.7345537757437071,
  "balanced_accuracy": 0.3481561822125813,
  "macro_f1": 0.36727688787185353,
  "mean_latency_ms": 0.09236604368317995,
  "p50_latency_ms": 0.08672401386640222,
  "p95_latency_ms": 0.12421453287428681,
  "p99_latency_ms": 0.12421453287428681,
  "mean_shift_delay_ms": 0.0,
  "false_interruption_rate": 0.2892561983471074,
  "missed_shift_rate": 1.0,
  "model_size_mb": 0.0,
  "peak_memory_mb": 0.0,
  "requires_gpu": false,
  "requires_asr": false,
  "n_conversations": 10,
  "n_predictions": 484,
  "total_audio_hours": 0.10683940972222222,
  "extra": {}
}