{
  "model_name": "silero_vad",
  "dataset_name": "portuguese_tts",
  "precision_shift": 0.6699029126213593,
  "recall_shift": 1.0,
  "f1_shift": 0.8023255813953488,
  "precision_hold": 0.0,
  "recall_hold": 0.0,
  "f1_hold": 0.0,
  "balanced_accuracy": 0.5,
  "macro_f1": 0.4011627906976744,
  "mean_latency_ms": 15.15771721397047,
  "p50_latency_ms": 8.967520802980289,
  "p95_latency_ms": 68.02056250162423,
  "p99_latency_ms": 68.02056250162423,
  "mean_shift_delay_ms": 140.88405797101458,
  "false_interruption_rate": 1.0,
  "missed_shift_rate": 0.0,
  "model_size_mb": 2.0,
  "peak_memory_mb": 0.0,
  "requires_gpu": false,
  "requires_asr": false,
  "n_conversations": 10,
  "n_predictions": 103,
  "total_audio_hours": 0.10683940972222222,
  "extra": {}
}