{
  "model_name": "vap",
  "dataset_name": "portuguese_synthetic",
  "precision_shift": 0.29362572012637056,
  "recall_shift": 0.5592920353982301,
  "f1_shift": 0.3850840848159883,
  "precision_hold": 0.6201952410006101,
  "recall_hold": 0.34847446006170724,
  "f1_hold": 0.4462247585601405,
  "balanced_accuracy": 0.4538832477299687,
  "macro_f1": 0.41565442168806443,
  "mean_latency_ms": 15.925559657537082,
  "p50_latency_ms": 14.471988826821033,
  "p95_latency_ms": 30.750916010324712,
  "p99_latency_ms": 30.815783574213157,
  "mean_shift_delay_ms": -39.3069620253165,
  "false_interruption_rate": 0.4845741968383478,
  "missed_shift_rate": 0.3263803680981595,
  "model_size_mb": 20.0,
  "peak_memory_mb": 0.0,
  "requires_gpu": false,
  "requires_asr": false,
  "n_conversations": 50,
  "n_predictions": 8393,
  "total_audio_hours": 0.6537627777777777,
  "extra": {}
}